"contrast","cellline","time","estimate","SE","df","t.ratio","p.value","lipid","p_adj"
"Control - Migration","HCC1143","0",-0.182689575135141,0.443444530319594,70.1055690697588,-0.411978415887721,0.681612220304326,"X11_12_DiHETrE",0.999999999998754
"Control - Migration","HCC38","0",0.156503056795087,0.443444530319593,70.1055690697575,0.352925892855853,0.725202952030139,"X11_12_DiHETrE",0.956523789918559
"Control - Migration","HCC1143","12",-0.159171856643948,0.443444530319593,70.1055690697578,-0.358944232617395,0.720715601884421,"X11_12_DiHETrE",0.999999999999906
"Control - Migration","HCC38","12",-0.749214111315811,0.443444530319593,70.1055690697575,-1.68953287297477,0.0955602454818177,"X11_12_DiHETrE",0.863109900342244
"Control - Migration","HCC1143","18",0.00284643979117136,0.473782918768081,70.4622883177611,0.00600789871988758,0.995223396520146,"X11_12_DiHETrE",0.99999999999993
"Control - Migration","HCC38","18",0.393792706373897,0.443444530319593,70.1055690697578,0.888031488606001,0.377560508164104,"X11_12_DiHETrE",0.827591680469624
"Control - Migration","HCC1143","22",-0.444379012141509,0.443444530319593,70.1055690697575,-1.00210732517378,0.319738165059316,"X11_12_DiHETrE",0.999999999999908
"Control - Migration","HCC38","22",0.02712603970723,0.443444530319593,70.1055690697578,0.0611712127505104,0.95139691345378,"X11_12_DiHETrE",0.999999999999988
"Control - Migration","HCC1143","0",-0.0951053650826158,0.486885949178562,70.4642062720291,-0.195333969368125,0.845693666346557,"X12_13_DiHODE",0.999999999998754
"Control - Migration","HCC38","0",-0.251238051083698,0.486885949178562,70.4642062720317,-0.516010066644084,0.607462838366551,"X12_13_DiHODE",0.944942193014634
"Control - Migration","HCC1143","12",0.144591263181625,0.486885949178561,70.4642062720314,0.296971525725007,0.767361909911284,"X12_13_DiHODE",0.999999999999906
"Control - Migration","HCC38","12",0.0211084211139864,0.486885949178561,70.464206272031,0.0433539336051882,0.965542018915052,"X12_13_DiHODE",0.999999999999991
"Control - Migration","HCC1143","18",-0.00452232426555699,0.520391069196543,70.6817496715414,-0.00869024188393398,0.993090758983575,"X12_13_DiHODE",0.99999999999993
"Control - Migration","HCC38","18",0.0469318401617056,0.486885949178561,70.4642062720314,0.0963918557125865,0.923482988679326,"X12_13_DiHODE",0.999999999999992
"Control - Migration","HCC1143","22",-1.56515976835385,0.486885949178561,70.4642062720314,-3.21463326471934,0.00197190733909368,"X12_13_DiHODE",0.0828201082419345
"Control - Migration","HCC38","22",0.129536268041272,0.486885949178561,70.4642062720314,0.266050536598593,0.790977216166843,"X12_13_DiHODE",0.989440426716571
"Control - Migration","HCC1143","0",0.0644018179714834,0.0599112826714309,70.324843937278,1.07495308228802,0.286070063761312,"X12_13_DiHOME",0.999999999998754
"Control - Migration","HCC38","0",0.0316703498143542,0.0599112826714309,70.3248439372757,0.528620793983709,0.598732952082183,"X12_13_DiHOME",0.944942193014634
"Control - Migration","HCC1143","12",-0.0566821690844545,0.0599112826714309,70.3248439372754,-0.946101745063852,0.347336219547304,"X12_13_DiHOME",0.999999999999906
"Control - Migration","HCC38","12",-0.0623840558602112,0.0599112826714309,70.3248439372751,-1.04127391500432,0.301315041631755,"X12_13_DiHOME",0.999999999999991
"Control - Migration","HCC1143","18",0.0373434524775204,0.06402450608055,70.5969649310897,0.583268107223477,0.561571556574746,"X12_13_DiHOME",0.99999999999993
"Control - Migration","HCC38","18",0.0525856425815624,0.0599112826714309,70.3248439372751,0.877725200275812,0.383081706254645,"X12_13_DiHOME",0.827591680469624
"Control - Migration","HCC1143","22",-0.0128903796444719,0.0599112826714308,70.3248439372754,-0.215157797825263,0.830267047510671,"X12_13_DiHOME",0.999999999999908
"Control - Migration","HCC38","22",0.0501436418958079,0.0599112826714308,70.3248439372754,0.836964919793301,0.405447513846042,"X12_13_DiHOME",0.946044198974098
"Control - Migration","HCC1143","0",0.129703526436177,0.728146483032617,70.6252449265805,0.178128342934491,0.859132135125299,"X12_HHTrE",0.999999999998754
"Control - Migration","HCC38","0",0.273573881809027,0.728146483032618,70.6252449265818,0.375712700924729,0.708256642890835,"X12_HHTrE",0.956523789918559
"Control - Migration","HCC1143","12",-0.139682025590063,0.728146483032617,70.6252449265808,-0.191832315124711,0.848424038708109,"X12_HHTrE",0.999999999999906
"Control - Migration","HCC38","12",-0.0370745610121707,0.728146483032618,70.6252449265808,-0.0509163497676469,0.959535909561571,"X12_HHTrE",0.999999999999991
"Control - Migration","HCC1143","18",0.0896845303075628,0.778396164328111,70.7788495050475,0.115217076364933,0.908599313479489,"X12_HHTrE",0.99999999999993
"Control - Migration","HCC38","18",-0.220378259375405,0.728146483032618,70.6252449265811,-0.302656490844484,0.763041279285732,"X12_HHTrE",0.999999999999992
"Control - Migration","HCC1143","22",-0.328552468613533,0.728146483032617,70.6252449265808,-0.451217545191131,0.653215225392885,"X12_HHTrE",0.999999999999908
"Control - Migration","HCC38","22",-1.50359197344031,0.728146483032617,70.6252449265814,-2.06495809356667,0.0425995567791569,"X12_HHTrE",0.298196897454098
"Control - Migration","HCC1143","0",0.173500792257659,0.205685386527866,71.0000000000008,0.843525129259262,0.401767814816582,"X14_HDoHE",0.999999999998754
"Control - Migration","HCC38","0",-0.558174687440409,0.205685386527866,71.0000000000005,-2.71373040575631,0.00834379996522493,"X14_HDoHE",0.17620478418419
"Control - Migration","HCC1143","12",-0.0253877563136328,0.205685386527866,71.0000000000001,-0.123430044021106,0.902115317369692,"X14_HDoHE",0.999999999999906
"Control - Migration","HCC38","12",0.0310477637204397,0.205685386527866,70.9999999999998,0.150947834673871,0.880444916220522,"X14_HDoHE",0.999999999999991
"Control - Migration","HCC1143","18",0.196365323522514,0.220011827667936,70.9999999999998,0.892521668511787,0.375128465347377,"X14_HDoHE",0.99999999999993
"Control - Migration","HCC38","18",-0.00670228320738025,0.205685386527866,70.9999999999998,-0.0325851209972675,0.974096865974126,"X14_HDoHE",0.999999999999992
"Control - Migration","HCC1143","22",0.329889007171726,0.205685386527866,70.9999999999998,1.60385243084361,0.113186148001994,"X14_HDoHE",0.950763643216751
"Control - Migration","HCC38","22",-0.0463152348605075,0.205685386527866,70.9999999999998,-0.225175135882746,0.822489883843085,"X14_HDoHE",0.989440426716571
"Control - Migration","HCC1143","0",0.281587503798589,0.336118888273716,70.5349203070293,0.837761618351183,0.404994423841227,"X19_20_DiHDPA",0.999999999998754
"Control - Migration","HCC38","0",0.819549285620974,0.336118888273716,70.534920307029,2.43827203472594,0.0172789037984066,"X19_20_DiHDPA",0.181428489883269
"Control - Migration","HCC1143","12",-0.151319364770131,0.336118888273716,70.534920307028,-0.450195957588986,0.653949824532518,"X19_20_DiHDPA",0.999999999999906
"Control - Migration","HCC38","12",-0.207906761895704,0.336118888273716,70.534920307028,-0.618551260131495,0.538204465072388,"X19_20_DiHDPA",0.999999999999991
"Control - Migration","HCC1143","18",-0.0498373394182147,0.359277216997601,70.7245086831716,-0.13871555740354,0.890069147285756,"X19_20_DiHDPA",0.99999999999993
"Control - Migration","HCC38","18",-0.039943848178511,0.336118888273716,70.534920307028,-0.118838451429076,0.905741149129483,"X19_20_DiHDPA",0.999999999999992
"Control - Migration","HCC1143","22",0.0561408991032323,0.336118888273716,70.5349203070283,0.167026909411632,0.867826795953606,"X19_20_DiHDPA",0.999999999999908
"Control - Migration","HCC38","22",0.472652325288991,0.336118888273716,70.534920307028,1.40620578544842,0.16405331588622,"X19_20_DiHDPA",0.689023926722124
"Control - Migration","HCC1143","0",-0.386165416690513,0.812894183567762,71.0000000000008,-0.475050042793574,0.636209426877995,"X5_6_DiHETrE",0.999999999998754
"Control - Migration","HCC38","0",0.0691729165464212,0.812894183567763,71.0000000000005,0.0850946137205999,0.932425670713263,"X5_6_DiHETrE",0.999999999999446
"Control - Migration","HCC1143","12",-0.0974937501201796,0.812894183567763,71.0000000000001,-0.119934121920129,0.904874067016584,"X5_6_DiHETrE",0.999999999999906
"Control - Migration","HCC38","12",1.3209022736974,0.812894183567764,71.0000000000001,1.62493753848749,0.108607190530334,"X5_6_DiHETrE",0.863109900342244
"Control - Migration","HCC1143","18",0.336762984801993,0.86951405759275,71.0000000000001,0.387300218853645,0.699692524650583,"X5_6_DiHETrE",0.99999999999993
"Control - Migration","HCC38","18",-0.895621393521497,0.812894183567764,71.0000000000001,-1.10176873155943,0.274283196138103,"X5_6_DiHETrE",0.827591680469624
"Control - Migration","HCC1143","22",-1.06887107471045,0.812894183567764,70.9999999999998,-1.3148957100655,0.192776227473746,"X5_6_DiHETrE",0.999999999999908
"Control - Migration","HCC38","22",2.0492898690266,0.812894183567764,71.0000000000001,2.52097986484826,0.0139504418471539,"X5_6_DiHETrE",0.214487564696309
"Control - Migration","HCC1143","0",-0.0545769654009217,0.502068004661459,70.850646272353,-0.108704328684961,0.913744287128255,"X8iso_PGA1",0.999999999998754
"Control - Migration","HCC38","0",-1.36152814947527,0.502068004661459,70.850646272355,-2.71184010300226,0.00839070400877094,"X8iso_PGA1",0.17620478418419
"Control - Migration","HCC1143","12",-0.100100377116055,0.502068004661459,70.8506462723537,-0.199376132688542,0.84253961925515,"X8iso_PGA1",0.999999999999906
"Control - Migration","HCC38","12",-0.0399532086010155,0.502068004661459,70.8506462723547,-0.0795772848101637,0.936797802768216,"X8iso_PGA1",0.999999999999991
"Control - Migration","HCC1143","18",0.000421756017399001,0.536870882381916,70.9128978100162,0.000785581843306181,0.999375402243462,"X8iso_PGA1",0.99999999999993
"Control - Migration","HCC38","18",1.05241112033082,0.502068004661459,70.850646272355,2.09615253423777,0.0396413856713556,"X8iso_PGA1",0.41134898167199
"Control - Migration","HCC1143","22",0.153519700989169,0.502068004661459,70.8506462723543,0.305774714906771,0.760672817416626,"X8iso_PGA1",0.999999999999908
"Control - Migration","HCC38","22",0.4483400254512,0.502068004661459,70.8506462723547,0.892986649793612,0.374887450423711,"X8iso_PGA1",0.926192524576228
"Control - Migration","HCC1143","0",-0.05929842329447,0.0663662471553414,70.9999999999988,-0.893502734238866,0.374606693889544,"X9_10_13_TriHOME",0.999999999998754
"Control - Migration","HCC38","0",0.0645386136652872,0.0663662471553416,71.0000000000008,0.972461400660844,0.334122526570465,"X9_10_13_TriHOME",0.944942193014634
"Control - Migration","HCC1143","12",0.0177473026864354,0.0663662471553416,71.0000000000001,0.267414588697396,0.789925241133834,"X9_10_13_TriHOME",0.999999999999906
"Control - Migration","HCC38","12",-0.103504698354142,0.0663662471553416,70.9999999999998,-1.55959848252186,0.123301414334606,"X9_10_13_TriHOME",0.863109900342244
"Control - Migration","HCC1143","18",-0.0157972873360845,0.0709888027467155,71.0000000000001,-0.222532099779854,0.824538606496969,"X9_10_13_TriHOME",0.99999999999993
"Control - Migration","HCC38","18",0.0244694395973916,0.0663662471553416,70.9999999999998,0.368703077938349,0.713446212848442,"X9_10_13_TriHOME",0.999999999999992
"Control - Migration","HCC1143","22",0.161106520121883,0.0663662471553416,70.9999999999998,2.42753699399011,0.0177398121109711,"X9_10_13_TriHOME",0.372536054330394
"Control - Migration","HCC38","22",0.0943186710933141,0.0663662471553417,70.9999999999998,1.42118433896895,0.159640595474905,"X9_10_13_TriHOME",0.689023926722124
"Control - Migration","HCC1143","0",-0.136495933270502,0.123796202971831,71.0000000000018,-1.10258578206604,0.273930486073852,"X9_12_13_TriHOME",0.999999999998754
"Control - Migration","HCC38","0",-0.161237930836463,0.123796202971831,71.0000000000008,-1.30244649646606,0.19697287855115,"X9_12_13_TriHOME",0.919206766572034
"Control - Migration","HCC1143","12",-0.0426438555027569,0.123796202971831,71.0000000000001,-0.344468202408924,0.731512442534614,"X9_12_13_TriHOME",0.999999999999906
"Control - Migration","HCC38","12",0.0223755306269276,0.123796202971831,70.9999999999998,0.180744886271019,0.85708276704874,"X9_12_13_TriHOME",0.999999999999991
"Control - Migration","HCC1143","18",0.0681333495164999,0.132418881739531,70.9999999999998,0.514528960080774,0.608480209908216,"X9_12_13_TriHOME",0.99999999999993
"Control - Migration","HCC38","18",-0.101767704047343,0.123796202971831,70.9999999999998,-0.822058363700375,0.413795840234812,"X9_12_13_TriHOME",0.827591680469624
"Control - Migration","HCC1143","22",0.084618551649065,0.123796202971831,70.9999999999998,0.683531074602662,0.496496013491792,"X9_12_13_TriHOME",0.999999999999908
"Control - Migration","HCC38","22",0.0391741816961478,0.123796202971831,70.9999999999998,0.316440898474581,0.752596366529332,"X9_12_13_TriHOME",0.989440426716571
"Control - Migration","HCC1143","0",-0.110426023512877,0.157639906857842,70.5562242992447,-0.700495361320262,0.485921607618479,"X9_HODE",0.999999999998754
"Control - Migration","HCC38","0",0.179791871264408,0.157639906857842,70.5562242992434,1.14052256721099,0.25792533582339,"X9_HODE",0.944942193014634
"Control - Migration","HCC1143","12",-0.0796020766965317,0.157639906857842,70.5562242992434,-0.504961454768658,0.615159543441629,"X9_HODE",0.999999999999906
"Control - Migration","HCC38","12",0.0446586788985048,0.157639906857842,70.5562242992437,0.283295516907261,0.777779882437071,"X9_HODE",0.999999999999991
"Control - Migration","HCC1143","18",-0.0681142722118402,0.168505241398616,70.7373541795948,-0.404226430266992,0.687265806670347,"X9_HODE",0.99999999999993
"Control - Migration","HCC38","18",0.0643498125730982,0.157639906857842,70.5562242992434,0.408207628739137,0.684357426331069,"X9_HODE",0.999999999999992
"Control - Migration","HCC1143","22",-0.0465696674398551,0.157639906857842,70.5562242992434,-0.295418009107624,0.768542204183156,"X9_HODE",0.999999999999908
"Control - Migration","HCC38","22",0.165294215515113,0.157639906857842,70.5562242992434,1.04855565325964,0.297961236911701,"X9_HODE",0.834291463352762
"Control - Migration","HCC1143","0",-0.00733660625411719,0.0503277575524683,71.0000000000031,-0.145776537857236,0.884510881095129,"CA",0.999999999998754
"Control - Migration","HCC38","0",-0.0226141389528281,0.0503277575524685,71.0000000000008,-0.449337305149192,0.654557034747769,"CA",0.947979153772631
"Control - Migration","HCC1143","12",0.0142007026656385,0.0503277575524684,71.0000000000001,0.282164422899904,0.778638316189336,"CA",0.999999999999906
"Control - Migration","HCC38","12",0.010128298728143,0.0503277575524685,70.9999999999998,0.201246771576975,0.841081057583965,"CA",0.999999999999991
"Control - Migration","HCC1143","18",0.0310364681304901,0.0538331969444373,71.0000000000001,0.576530280423875,0.566080147934729,"CA",0.99999999999993
"Control - Migration","HCC38","18",0.0383148066164964,0.0503277575524685,70.9999999999998,0.761305658742134,0.448995809936269,"CA",0.857173818969241
"Control - Migration","HCC1143","22",0.0371854939882625,0.0503277575524685,70.9999999999998,0.738866498263812,0.462423703045279,"CA",0.999999999999908
"Control - Migration","HCC38","22",0.109485300893227,0.0503277575524685,71.0000000000001,2.17544564307449,0.032927645480202,"CA",0.276592222033697
"Control - Migration","HCC1143","0",0.0421554168829741,0.251544577501658,71.0000000000028,0.1675862676177,0.867385202853321,"DHEA",0.999999999998754
"Control - Migration","HCC38","0",-0.36806089052086,0.251544577501658,70.9999999999998,-1.46320343764291,0.147824825152549,"DHEA",0.776080332050884
"Control - Migration","HCC1143","12",-0.161721383327019,0.251544577501658,71.0000000000001,-0.64291341492326,0.522351204155204,"DHEA",0.999999999999906
"Control - Migration","HCC38","12",-0.461616317094191,0.251544577501658,71.0000000000001,-1.83512728312002,0.0706754353297404,"DHEA",0.863109900342244
"Control - Migration","HCC1143","18",-0.522210587471567,0.269065212508914,70.9999999999998,-1.94083279143441,0.0562491441794276,"DHEA",0.787488018511987
"Control - Migration","HCC38","18",-0.463357300780142,0.251544577501658,70.9999999999998,-1.84204845670779,0.0696441336746356,"DHEA",0.41134898167199
"Control - Migration","HCC1143","22",-0.00967725956825994,0.251544577501658,70.9999999999998,-0.0384713503442393,0.969419843061984,"DHEA",0.999999999999908
"Control - Migration","HCC38","22",-0.362945325950896,0.251544577501658,70.9999999999998,-1.44286682525885,0.15345541450391,"DHEA",0.689023926722124
"Control - Migration","HCC1143","0",0.061374694694471,0.158544450874476,71.0000000000001,0.387113483669403,0.699830136751247,"EPEA",0.999999999998754
"Control - Migration","HCC38","0",-0.0966168809744507,0.158544450874476,71.0000000000008,-0.609399322660272,0.544205020043679,"EPEA",0.944942193014634
"Control - Migration","HCC1143","12",0.262836710446743,0.158544450874476,71.0000000000001,1.65781084734929,0.101767954354155,"EPEA",0.999999999999906
"Control - Migration","HCC38","12",-0.201846460821617,0.158544450874476,70.9999999999998,-1.27312220458238,0.207127464059502,"EPEA",0.999999999999991
"Control - Migration","HCC1143","18",0.0702439614063999,0.169587421801485,70.9999999999998,0.414205019807576,0.679972657983691,"EPEA",0.99999999999993
"Control - Migration","HCC38","18",0.0816453410073993,0.158544450874476,70.9999999999998,0.514968140209713,0.608174847788235,"EPEA",0.999999999999992
"Control - Migration","HCC1143","22",-0.118955623112676,0.158544450874476,70.9999999999998,-0.750298244161545,0.455554379484626,"EPEA",0.999999999999908
"Control - Migration","HCC38","22",0.104298440679531,0.158544450874476,70.9999999999998,0.657849833937781,0.512761939332999,"EPEA",0.989440426716571
"Control - Migration","HCC1143","0",0.0568934520922672,0.446771836898847,67.5707785684383,0.12734341646774,0.899046810058245,"FA22.5_w3",0.999999999998754
"Control - Migration","HCC38","0",0.810788282822794,0.446771836898846,67.5707785684362,1.81477035000835,0.0739977881050264,"FA22.5_w3",0.517984516735185
"Control - Migration","HCC1143","12",-0.0136533539931613,0.446771836898846,67.5707785684362,-0.030560014901415,0.975710516842783,"FA22.5_w3",0.999999999999906
"Control - Migration","HCC38","12",0.569172916546464,0.446771836898846,67.5707785684362,1.27396776058499,0.207039331536481,"FA22.5_w3",0.999999999999991
"Control - Migration","HCC1143","18",0.109150337638643,0.476277199513466,68.8184440887781,0.229173972111502,0.81941342481052,"FA22.5_w3",0.99999999999993
"Control - Migration","HCC38","18",0.0333333333333235,0.446771836898846,67.5707785684362,0.0746092984837594,0.940746017563854,"FA22.5_w3",0.999999999999992
"Control - Migration","HCC1143","22",-0.506615678312203,0.446771836898846,67.5707785684353,-1.13394721079276,0.260823735161009,"FA22.5_w3",0.999999999999908
"Control - Migration","HCC38","22",0.164548410450113,0.446771836898846,67.5707785684359,0.368305244109128,0.713796992067722,"FA22.5_w3",0.989440426716571
"Control - Migration","HCC1143","0",0.0138662636790845,0.496662917241178,64.9391495521709,0.0279188624673405,0.97781248656909,"FA22.5_w6",0.999999999998754
"Control - Migration","HCC38","0",0.599255496611388,0.496662917241178,64.9391495521726,1.20656379972977,0.23197729088196,"FA22.5_w6",0.944942193014634
"Control - Migration","HCC1143","12",0.0760428703463719,0.496662917241178,64.9391495521737,0.153107606198523,0.878788180590972,"FA22.5_w6",0.999999999999906
"Control - Migration","HCC38","12",-0.42832083357373,0.496662917241178,64.9391495521731,-0.862397450473918,0.391642474798914,"FA22.5_w6",0.999999999999991
"Control - Migration","HCC1143","18",0.367471580227001,0.528372285226525,66.9759017038635,0.695478530009306,0.489161608481227,"FA22.5_w6",0.99999999999993
"Control - Migration","HCC38","18",0.979505648795647,0.496662917241178,64.9391495521731,1.97217391271433,0.0528513611085393,"FA22.5_w6",0.41134898167199
"Control - Migration","HCC1143","22",-0.192030845979318,0.496662917241178,64.9391495521734,-0.386642206037839,0.700285167710211,"FA22.5_w6",0.999999999999908
"Control - Migration","HCC38","22",-0.568580950089964,0.496662917241178,64.9391495521731,-1.14480250156035,0.256492847302104,"FA22.5_w6",0.828669198976028
"Control - Migration","HCC1143","0",0.0200017059718193,0.740824392938706,71.0000000000001,0.0269992540235836,0.978536073777691,"FA22.6_w3",0.999999999998754
"Control - Migration","HCC38","0",0.463747941652012,0.740824392938707,71.0000000000005,0.625989027996789,0.533329428635523,"FA22.6_w3",0.944942193014634
"Control - Migration","HCC1143","12",-0.00926747081082075,0.740824392938707,71.0000000000001,-0.0125096728714054,0.990054070592289,"FA22.6_w3",0.999999999999906
"Control - Migration","HCC38","12",-0.0862492424345425,0.740824392938707,71.0000000000001,-0.116423329545627,0.907645731734198,"FA22.6_w3",0.999999999999991
"Control - Migration","HCC1143","18",0.105748153533293,0.792424446981079,70.9999999999998,0.13344887823207,0.894215918514085,"FA22.6_w3",0.99999999999993
"Control - Migration","HCC38","18",-0.0391178737730934,0.740824392938708,70.9999999999998,-0.0528031665074099,0.958037026284862,"FA22.6_w3",0.999999999999992
"Control - Migration","HCC1143","22",-0.0579424157173072,0.740824392938708,70.9999999999998,-0.0782134285393341,0.937878289845358,"FA22.6_w3",0.999999999999908
"Control - Migration","HCC38","22",1.84081616240972,0.740824392938707,70.9999999999998,2.48482120723314,0.0153205403354506,"FA22.6_w3",0.214487564696309
"Control - Migration","HCC1143","0",3.10058963678257e-13,0.197888983013448,71.0000000000008,1.56683287243528e-12,0.999999999998754,"GCDCA",0.999999999998754
"Control - Migration","HCC38","0",0.502752742541588,0.197888983013448,70.9999999999998,2.54057974772361,0.0132548659224157,"GCDCA",0.181428489883269
"Control - Migration","HCC1143","12",2.33512290018065e-14,0.197888983013448,70.9999999999998,1.18001662579769e-13,0.999999999999906,"GCDCA",0.999999999999906
"Control - Migration","HCC38","12",4.47742971171339e-15,0.197888983013448,70.9999999999998,2.26259675679324e-14,0.999999999999982,"GCDCA",0.999999999999991
"Control - Migration","HCC1143","18",1.8571068189352e-14,0.211672387416146,70.9999999999998,8.77349588014116e-14,0.99999999999993,"GCDCA",0.99999999999993
"Control - Migration","HCC38","18",1.91768259258374e-15,0.197888983013448,70.9999999999998,9.69069911513678e-15,0.999999999999992,"GCDCA",0.999999999999992
"Control - Migration","HCC1143","22",3.00906951179188e-14,0.197888983013448,70.9999999999998,1.52058465608841e-13,0.999999999999879,"GCDCA",0.999999999999908
"Control - Migration","HCC38","22",2.89021194130323e-15,0.197888983013448,70.9999999999998,1.46052190338804e-14,0.999999999999988,"GCDCA",0.999999999999988
"Control - Migration","HCC1143","0",-0.0373517986733597,0.100978501668688,71.0000000000031,-0.369898523508614,0.712559185167645,"GLCA",0.999999999998754
"Control - Migration","HCC38","0",-0.0252081643462905,0.100978501668688,70.9999999999998,-0.249638922441124,0.803587441292085,"GLCA",0.956523789918559
"Control - Migration","HCC1143","12",-0.0377108822936776,0.100978501668688,71.0000000000001,-0.373454563798219,0.709922932896873,"GLCA",0.999999999999906
"Control - Migration","HCC38","12",-0.167685682761947,0.100978501668688,71.0000000000001,-1.66060775304556,0.101202593333997,"GLCA",0.863109900342244
"Control - Migration","HCC1143","18",-0.0611234694048268,0.108011877179655,70.9999999999998,-0.565895816282879,0.573248842611753,"GLCA",0.99999999999993
"Control - Migration","HCC38","18",-0.0498783509088291,0.100978501668688,71.0000000000001,-0.49395019815684,0.622866059385889,"GLCA",0.999999999999992
"Control - Migration","HCC1143","22",0.0272033906856842,0.100978501668688,70.9999999999998,0.269397844453456,0.788404926160445,"GLCA",0.999999999999908
"Control - Migration","HCC38","22",-0.0046363404714554,0.100978501668688,70.9999999999998,-0.045914134145774,0.963507586336118,"GLCA",0.999999999999988
"Control - Migration","HCC1143","0",-0.436490260794122,0.181137640439883,68.1894208052488,-2.40971594713351,0.0186690183738995,"HCA",0.196024692925944
"Control - Migration","HCC38","0",0.199029388525046,0.181137640439884,68.1894208052488,1.09877432455073,0.275730954925965,"HCA",0.944942193014634
"Control - Migration","HCC1143","12",-0.195620263309857,0.181137640439884,68.1894208052485,-1.07995369065647,0.283967820205525,"HCA",0.999999999999906
"Control - Migration","HCC38","12",-0.0232736582225038,0.181137640439884,68.1894208052482,-0.128486040593136,0.898142547625358,"HCA",0.999999999999991
"Control - Migration","HCC1143","18",-0.0892903409354119,0.193198409811266,69.2326456892949,-0.462169129769954,0.64540918309635,"HCA",0.99999999999993
"Control - Migration","HCC38","18",0.176807752502664,0.181137640439884,68.1894208052485,0.976096144751006,0.33246700563844,"HCA",0.827591680469624
"Control - Migration","HCC1143","22",0.0874805717477072,0.181137640439883,68.1894208052485,0.482950818699334,0.63067763134899,"HCA",0.999999999999908
"Control - Migration","HCC38","22",0.143622191224422,0.181137640439884,68.1894208052482,0.792889820556585,0.430592162143961,"HCA",0.951835305791915
"Control - Migration","HCC1143","0",0.984963103947346,0.716195018867767,70.5033107258481,1.37527220659043,0.173401394733577,"PGE2",0.910357322351281
"Control - Migration","HCC38","0",-1.31583170683394,0.716195018867768,70.5033107258487,-1.83725336279794,0.0703868154706091,"PGE2",0.517984516735185
"Control - Migration","HCC1143","12",-0.877530598992829,0.716195018867767,70.5033107258487,-1.22526766575411,0.224551980742487,"PGE2",0.999999999999906
"Control - Migration","HCC38","12",-0.129354770553999,0.716195018867768,70.5033107258484,-0.180613893068533,0.857188825986714,"PGE2",0.999999999999991
"Control - Migration","HCC1143","18",0.231408315670541,0.765513172295364,70.7054178513199,0.302291748914876,0.763317129411007,"PGE2",0.99999999999993
"Control - Migration","HCC38","18",0.18080950363352,0.716195018867768,70.5033107258481,0.252458476909489,0.801421275146372,"PGE2",0.999999999999992
"Control - Migration","HCC1143","22",-0.353314314474291,0.716195018867768,70.5033107258481,-0.49332137918642,0.623318707443426,"PGE2",0.999999999999908
"Control - Migration","HCC38","22",0.192792088221576,0.716195018867768,70.5033107258481,0.269189373205026,0.788570186076691,"PGE2",0.989440426716571
"Control - Migration","HCC1143","0",0.742785266235421,0.441527575580712,71.0000000000018,1.68230775905329,0.0969025093770873,"PGK2",0.581415056262524
"Control - Migration","HCC38","0",0.246441700128475,0.441527575580713,71.0000000000001,0.558156984429218,0.578493084104496,"PGK2",0.944942193014634
"Control - Migration","HCC1143","12",-0.299305955564445,0.441527575580713,71.0000000000001,-0.677887344116133,0.500046376712612,"PGK2",0.999999999999906
"Control - Migration","HCC38","12",-0.531974965172814,0.441527575580714,71.0000000000001,-1.20485105482515,0.232261541813037,"PGK2",0.999999999999991
"Control - Migration","HCC1143","18",0.583775711810644,0.472280945715823,71.0000000000001,1.23607720596441,0.22050368309839,"PGK2",0.99999999999993
"Control - Migration","HCC38","18",-0.146028149515769,0.441527575580714,70.9999999999998,-0.330733928280034,0.74181952782484,"PGK2",0.999999999999992
"Control - Migration","HCC1143","22",-0.720452481432152,0.441527575580714,70.9999999999998,-1.6317270342279,0.107165008485361,"PGK2",0.950763643216751
"Control - Migration","HCC38","22",-0.246716181093189,0.441527575580714,71.0000000000001,-0.55877864654025,0.57807096347315,"PGK2",0.989440426716571
"Control - Migration","HCC1143","0",-0.0177704249833906,0.0690046804384646,71.0000000000028,-0.257524922519387,0.797518499538361,"TCA",0.999999999998754
"Control - Migration","HCC38","0",0.0163285477241128,0.0690046804384647,71.0000000000011,0.236629568028706,0.813625549221889,"TCA",0.956523789918559
"Control - Migration","HCC1143","12",-0.0751664669958563,0.0690046804384647,71.0000000000001,-1.0892951973437,0.279707216495365,"TCA",0.999999999999906
"Control - Migration","HCC38","12",-0.0693237155264549,0.0690046804384648,70.9999999999998,-1.00462338331201,0.31848987164497,"TCA",0.999999999999991
"Control - Migration","HCC1143","18",0.00991625414146546,0.0738110087312967,71.0000000000001,0.134346546835105,0.893508657943608,"TCA",0.99999999999993
"Control - Migration","HCC38","18",0.0958619091165586,0.0690046804384648,70.9999999999998,1.38920879725027,0.169111042435478,"TCA",0.710296435585803
"Control - Migration","HCC1143","22",0.076947270141325,0.0690046804384648,70.9999999999998,1.11510218803119,0.26856686170084,"TCA",0.999999999999908
"Control - Migration","HCC38","22",0.0671579343772995,0.0690046804384648,70.9999999999998,0.973237379704814,0.333739501502368,"TCA",0.876066191443716
"Control - Migration","HCC1143","0",2.60532422800553e-13,0.0531734156441658,71.0000000000018,4.89967438887177e-12,0.999999999996104,"TCDCA",0.999999999998754
"Control - Migration","HCC38","0",-5.33762850790726e-14,0.0531734156441659,70.9999999999998,-1.00381524174156e-12,0.999999999999202,"TCDCA",0.999999999999446
"Control - Migration","HCC1143","12",2.01967990664019e-14,0.0531734156441659,71.0000000000001,3.79828882943273e-13,0.999999999999698,"TCDCA",0.999999999999906
"Control - Migration","HCC38","12",-6.52209572389018e-16,0.0531734156441659,70.9999999999998,-1.22657076753086e-14,0.99999999999999,"TCDCA",0.999999999999991
"Control - Migration","HCC1143","18",1.98545827196612e-14,0.0568770614028761,70.9999999999998,3.49078912129894e-13,0.999999999999722,"TCDCA",0.99999999999993
"Control - Migration","HCC38","18",0.116992500144235,0.053173415644166,70.9999999999998,2.20020660186931,0.0310474896000062,"TCDCA",0.41134898167199
"Control - Migration","HCC1143","22",1.42702631727252e-14,0.053173415644166,70.9999999999998,2.68372136712471e-13,0.999999999999787,"TCDCA",0.999999999999908
"Control - Migration","HCC38","22",0.116992500144236,0.0531734156441659,71.0000000000001,2.20020660186933,0.0310474896000051,"TCDCA",0.276592222033697
"Control - Migration","HCC1143","0",2.32730899338568e-13,0.0924679411573057,71.0000000000028,2.51688202879577e-12,0.999999999997999,"TDCA",0.999999999998754
"Control - Migration","HCC38","0",-6.44356934715198e-14,0.0924679411573053,71.0000000000001,-6.96843605092306e-13,0.999999999999446,"TDCA",0.999999999999446
"Control - Migration","HCC1143","12",1.12302911386929e-14,0.0924679411573053,71.0000000000001,1.21450645468445e-13,0.999999999999903,"TDCA",0.999999999999906
"Control - Migration","HCC38","12",1.0277338118629e-15,0.0924679411573054,70.9999999999998,1.11144878862884e-14,0.999999999999991,"TDCA",0.999999999999991
"Control - Migration","HCC1143","18",0.361654166907072,0.0989085373425848,70.9999999999998,3.65645046043323,0.000487013725319606,"TDCA",0.0204545764634234
"Control - Migration","HCC38","18",-1.70807920758798e-15,0.0924679411573054,70.9999999999998,-1.8472123270077e-14,0.999999999999985,"TDCA",0.999999999999992
"Control - Migration","HCC1143","22",1.07408223711237e-14,0.0924679411573055,70.9999999999998,1.16157256630723e-13,0.999999999999908,"TDCA",0.999999999999908
"Control - Migration","HCC38","22",6.71381623964804e-15,0.0924679411573054,70.9999999999998,7.26069614573398e-14,0.999999999999942,"TDCA",0.999999999999988
"Control - Migration","HCC1143","0",3.01593325085764e-13,4.24802512802468e-14,70.9533979666025,7.09961254927895,7.7315619160299e-10,"THDCA",3.24725600473256e-08
"Control - Migration","HCC38","0",-7.21414983118474e-14,4.24802512802469e-14,70.9533979666029,-1.69823614827328,0.0938449161738861,"THDCA",0.563069497043316
"Control - Migration","HCC1143","12",2.68501339251913e-14,4.24802512802469e-14,70.9533979666029,0.632061560748735,0.529378067613137,"THDCA",0.999999999999906
"Control - Migration","HCC38","12",-6.1352957866335e-16,4.24802512802469e-14,70.9533979666025,-0.0144427012593647,0.988517326424574,"THDCA",0.999999999999991
"Control - Migration","HCC1143","18",3.35848670752461e-14,4.54325447115427e-14,70.973051848586,0.739224872577157,0.462208386640998,"THDCA",0.99999999999993
"Control - Migration","HCC38","18",-3.21885294311731e-15,4.24802512802469e-14,70.9533979666029,-0.0757729261506054,0.939813000768928,"THDCA",0.999999999999992
"Control - Migration","HCC1143","22",2.56658960322581e-14,4.24802512802469e-14,70.9533979666022,0.604184185798181,0.547648250553684,"THDCA",0.999999999999908
"Control - Migration","HCC38","22",5.70708314270134e-16,4.24802512802469e-14,70.9533979666025,0.0134346736911961,0.989318708287944,"THDCA",0.999999999999988
"Control - Migration","HCC1143","0",0.0218228920310255,0.0658963112104847,70.0117937025169,0.331170161578836,0.741505151102439,"TLCA",0.999999999998754
"Control - Migration","HCC38","0",0.0618982759357654,0.0658963112104846,70.0117937025185,0.939328390295646,0.350791675193814,"TLCA",0.944942193014634
"Control - Migration","HCC1143","12",0.0234730670976209,0.0658963112104847,70.0117937025192,0.356212156134867,0.72275289612242,"TLCA",0.999999999999906
"Control - Migration","HCC38","12",0.0513452944086092,0.0658963112104847,70.0117937025185,0.779183135829912,0.438497727702644,"TLCA",0.999999999999991
"Control - Migration","HCC1143","18",0.027606495926931,0.0703980841787645,70.4042492032872,0.392148397914193,0.696133177617729,"TLCA",0.99999999999993
"Control - Migration","HCC38","18",0.0123184651818717,0.0658963112104847,70.0117937025185,0.186937097928355,0.852250612138029,"TLCA",0.999999999999992
"Control - Migration","HCC1143","22",0.11906717659124,0.0658963112104847,70.0117937025192,1.80688682574231,0.0750767849053987,"TLCA",0.950763643216751
"Control - Migration","HCC38","22",0.122441267392082,0.0658963112104847,70.0117937025185,1.85808985575813,0.067360942545716,"TLCA",0.404165655274296
"Control - Migration","HCC1143","0",-2.16349545787911,0.85667350236971,71.0000000000028,-2.52546092752315,0.0137885744192555,"delta17_6_keto_PGF1a",0.193040041869577
"Control - Migration","HCC38","0",-0.195790688062733,0.856673502369709,70.9999999999991,-0.228547617640959,0.819877534215907,"delta17_6_keto_PGF1a",0.956523789918559
"Control - Migration","HCC1143","12",0.0555038764869251,0.856673502369708,70.9999999999998,0.0647900003132952,0.948523280944435,"delta17_6_keto_PGF1a",0.999999999999906
"Control - Migration","HCC38","12",-0.106401798005471,0.856673502369709,70.9999999999998,-0.124203442398003,0.90150516453351,"delta17_6_keto_PGF1a",0.999999999999991
"Control - Migration","HCC1143","18",-0.0731396756712925,0.916342702574624,70.9999999999998,-0.0798169456315785,0.936607394815511,"delta17_6_keto_PGF1a",0.99999999999993
"Control - Migration","HCC38","18",0.0393479632297216,0.856673502369709,70.9999999999998,0.045931108083626,0.963494105118109,"delta17_6_keto_PGF1a",0.999999999999992
"Control - Migration","HCC1143","22",0.308322483292697,0.856673502369709,71.0000000000001,0.359906641725025,0.71998532013147,"delta17_6_keto_PGF1a",0.999999999999908
"Control - Migration","HCC38","22",0.187063653840425,0.856673502369709,71.0000000000001,0.218360499446958,0.827774660180142,"delta17_6_keto_PGF1a",0.989440426716571
"Control - Migration","HCC1143","0",-0.113754159719582,0.227591963979724,67.3633513913521,-0.499816240127512,0.618833228973283,"LPA14.0",0.999999999998754
"Control - Migration","HCC38","0",0.00414698732967163,0.227591963979724,67.3633513913495,0.0182211500667971,0.985516292128415,"LPA14.0",0.999999999999446
"Control - Migration","HCC1143","12",0.180332582194305,0.227591963979724,67.3633513913492,0.792350393401285,0.430937997077074,"LPA14.0",0.999999999999906
"Control - Migration","HCC38","12",-0.175298415813793,0.227591963979724,67.3633513913492,-0.770231130961242,0.443855657361116,"LPA14.0",0.999999999999991
"Control - Migration","HCC1143","18",-0.158250403960181,0.24258172778391,68.6778679654901,-0.652359126162828,0.516347119470161,"LPA14.0",0.99999999999993
"Control - Migration","HCC38","18",0.193389485154819,0.227591963979724,67.3633513913492,0.849720182440393,0.398490579507318,"LPA14.0",0.827591680469624
"Control - Migration","HCC1143","22",0.0131670728537935,0.227591963979724,67.3633513913489,0.0578538566281125,0.954036311930491,"LPA14.0",0.999999999999908
"Control - Migration","HCC38","22",0.281587503798663,0.227591963979724,67.3633513913489,1.23724712803897,0.220290976843883,"LPA14.0",0.771018418953592
"Control - Migration","HCC1143","0",-0.0444315961800354,0.134617114730367,67.4491723212706,-0.330059043896685,0.742378301924662,"LPA16.1",0.999999999998754
"Control - Migration","HCC38","0",0.0918676465689128,0.134617114730367,67.4491723212712,0.682436603643748,0.497300020307859,"LPA16.1",0.944942193014634
"Control - Migration","HCC1143","12",-0.00959205586484788,0.134617114730367,67.4491723212712,-0.0712543563577364,0.943406178474335,"LPA16.1",0.999999999999906
"Control - Migration","HCC38","12",0.0422498889653731,0.134617114730367,67.4491723212709,0.313852284310193,0.754601859800631,"LPA16.1",0.999999999999991
"Control - Migration","HCC1143","18",0.10852589802873,0.143493263093707,68.7361313195783,0.756313541757414,0.45204563823654,"LPA16.1",0.99999999999993
"Control - Migration","HCC38","18",0.136221243677012,0.134617114730367,67.4491723212712,1.01191623330999,0.31519445901941,"LPA16.1",0.827591680469624
"Control - Migration","HCC1143","22",-0.0702194336600046,0.134617114730367,67.4491723212709,-0.521623374566089,0.603641284700129,"LPA16.1",0.999999999999908
"Control - Migration","HCC38","22",0.0184629218366664,0.134617114730367,67.4491723212712,0.137151370935611,0.891319732107429,"LPA16.1",0.999999999999988
"Control - Migration","HCC1143","0",-0.045154487759815,0.179255419609398,69.7951782130712,-0.251900265320891,0.801858430504327,"LPA18.1",0.999999999998754
"Control - Migration","HCC38","0",0.102740578143065,0.179255419609398,69.7951782130728,0.573151865460692,0.568383954674282,"LPA18.1",0.944942193014634
"Control - Migration","HCC1143","12",-0.193469655386063,0.179255419609398,69.7951782130718,-1.07929598897282,0.284171549035429,"LPA18.1",0.999999999999906
"Control - Migration","HCC38","12",-0.105046249559394,0.179255419609398,69.7951782130721,-0.586014357547977,0.559756222040717,"LPA18.1",0.999999999999991
"Control - Migration","HCC1143","18",0.181182383435916,0.191461384441044,70.2692325564013,0.946312928661119,0.347231839354997,"LPA18.1",0.99999999999993
"Control - Migration","HCC38","18",0.16102673330664,0.179255419609398,69.7951782130721,0.89830886930795,0.3721094560826,"LPA18.1",0.827591680469624
"Control - Migration","HCC1143","22",-0.224932720118741,0.179255419609398,69.7951782130721,-1.25481684519707,0.213730849342887,"LPA18.1",0.999999999999908
"Control - Migration","HCC38","22",0.0589565036660325,0.179255419609398,69.7951782130725,0.328896631379404,0.743218674703417,"LPA18.1",0.989440426716571
"Control - Migration","HCC1143","0",-0.107364880524543,0.355321010496137,71.0000000000038,-0.302163050742843,0.763411151719108,"LPA20.3",0.999999999998754
"Control - Migration","HCC38","0",0.228374265781534,0.355321010496137,70.9999999999998,0.642726602242443,0.522471732218979,"LPA20.3",0.944942193014634
"Control - Migration","HCC1143","12",0.297538241570819,0.355321010496138,71.0000000000001,0.837378687951392,0.405189647450829,"LPA20.3",0.999999999999906
"Control - Migration","HCC38","12",-0.213737954420277,0.355321010496138,71.0000000000001,-0.601534804040529,0.549399771435769,"LPA20.3",0.999999999999991
"Control - Migration","HCC1143","18",0.12277751588318,0.380069903106519,70.9999999999998,0.323039301138166,0.747614951179961,"LPA20.3",0.99999999999993
"Control - Migration","HCC38","18",0.467135151126267,0.355321010496138,70.9999999999998,1.31468485489783,0.19284674413106,"LPA20.3",0.736323932136773
"Control - Migration","HCC1143","22",0.241612289971678,0.355321010496138,70.9999999999998,0.679983121837665,0.498726359192161,"LPA20.3",0.999999999999908
"Control - Migration","HCC38","22",-0.37776979790555,0.355321010496138,71.0000000000001,-1.06317889104859,0.29130358412174,"LPA20.3",0.834291463352762
"Control - Migration","HCC1143","0",0.0660143128077728,0.179419248827948,58.937689197095,0.367933280509253,0.714241099215632,"LPA20.4",0.999999999998754
"Control - Migration","HCC38","0",0.13952547830287,0.179419248827948,58.9376891970955,0.777650554298474,0.439885548316151,"LPA20.4",0.944942193014634
"Control - Migration","HCC1143","12",-0.124220329668377,0.179419248827948,58.9376891970944,-0.692346726897161,0.491438502786868,"LPA20.4",0.999999999999906
"Control - Migration","HCC38","12",-0.163653006037519,0.179419248827948,58.9376891970946,-0.912126246802272,0.365418191010848,"LPA20.4",0.999999999999991
"Control - Migration","HCC1143","18",0.196475566706145,0.190011991511437,62.3383837232722,1.03401666991274,0.305123161035532,"LPA20.4",0.99999999999993
"Control - Migration","HCC38","18",0.188309861437555,0.179419248827948,58.9376891970946,1.04955216715979,0.29820880976629,"LPA20.4",0.827591680469624
"Control - Migration","HCC1143","22",-0.189331706287913,0.179419248827948,58.9376891970944,-1.05524745825611,0.295618792591183,"LPA20.4",0.999999999999908
"Control - Migration","HCC38","22",-0.0788733432622832,0.179419248827948,58.9376891970946,-0.439603575299313,0.661831991138461,"LPA20.4",0.989440426716571
"Control - Migration","HCC1143","0",0.0185956489915916,0.173850401134336,50.4186551970327,0.106963509260025,0.915242419324923,"LPA22.6",0.999999999998754
"Control - Migration","HCC38","0",0.083156050595027,0.173850401134336,50.4186551970322,0.478319578513778,0.63449039250227,"LPA22.6",0.947979153772631
"Control - Migration","HCC1143","12",-0.00929829181140142,0.173850401134336,50.4186551970324,-0.0534844426629567,0.957557288881923,"LPA22.6",0.999999999999906
"Control - Migration","HCC38","12",-0.0238017013498382,0.173850401134336,50.4186551970319,-0.136909096525158,0.891647901004812,"LPA22.6",0.999999999999991
"Control - Migration","HCC1143","18",0.0298796052725953,0.182872376812898,54.8096569227345,0.163390479160043,0.870811981831843,"LPA22.6",0.99999999999993
"Control - Migration","HCC38","18",0.448348815709348,0.173850401134336,50.4186551970319,2.57893460575281,0.0128739409461159,"LPA22.6",0.270352759868435
"Control - Migration","HCC1143","22",-0.0311208821632751,0.173850401134336,50.4186551970322,-0.179009550511348,0.858647627159507,"LPA22.6",0.999999999999908
"Control - Migration","HCC38","22",-0.056463937183033,0.173850401134336,50.4186551970319,-0.324784624105657,0.746687886581268,"LPA22.6",0.989440426716571
"Control - Migration","HCC1143","0",-0.529156912566873,0.16901459552011,70.9999999999995,-3.13083559995806,0.00253074647427189,"LPI18.0",0.0531456759597096
"Control - Migration","HCC38","0",0.0137405807324227,0.16901459552011,70.9999999999998,0.0812981901955785,0.935433555445098,"LPI18.0",0.999999999999446
"Control - Migration","HCC1143","12",-0.133652694191194,0.16901459552011,71.0000000000005,-0.790776049724601,0.431708254051749,"LPI18.0",0.999999999999906
"Control - Migration","HCC38","12",-0.129674256168528,0.16901459552011,71.0000000000001,-0.767237029260577,0.445484513963078,"LPI18.0",0.999999999999991
"Control - Migration","HCC1143","18",0.486245140548081,0.180786835130353,71.0000000000001,2.68960480555723,0.00891006713577255,"LPI18.0",0.187111409851224
"Control - Migration","HCC38","18",0.301877560380006,0.16901459552011,71.0000000000001,1.78610349864185,0.078352186985141,"LPI18.0",0.41134898167199
"Control - Migration","HCC1143","22",-0.107312924276111,0.16901459552011,70.9999999999998,-0.634932882251236,0.52751306851695,"LPI18.0",0.999999999999908
"Control - Migration","HCC38","22",-0.211173137951432,0.16901459552011,71.0000000000001,-1.24943728854651,0.215608460179396,"LPI18.0",0.771018418953592
"Control - Migration","HCC1143","0",-0.597589979778665,0.28556206634898,70.9782641028545,-2.0926798416158,0.0399539069552539,"LPI18.1",0.32252315257624
"Control - Migration","HCC38","0",-0.154745847102429,0.285562066348981,70.9782641028565,-0.54189917127619,0.589585152423327,"LPI18.1",0.944942193014634
"Control - Migration","HCC1143","12",-0.205521186585134,0.28556206634898,70.9782641028565,-0.719707590061944,0.474068275917971,"LPI18.1",0.999999999999906
"Control - Migration","HCC38","12",-0.0627836478605882,0.28556206634898,70.9782641028558,-0.219859901783528,0.826611368236705,"LPI18.1",0.999999999999991
"Control - Migration","HCC1143","18",0.474225827877767,0.305424602130161,70.9874723761522,1.55267723873687,0.124947500052469,"LPI18.1",0.99999999999993
"Control - Migration","HCC38","18",0.0159013133362895,0.28556206634898,70.9782641028558,0.0556842634583571,0.955749786829414,"LPI18.1",0.999999999999992
"Control - Migration","HCC1143","22",0.0123422252056157,0.28556206634898,70.9782641028562,0.0432208148771849,0.96564687190014,"LPI18.1",0.999999999999908
"Control - Migration","HCC38","22",0.0799384598164419,0.28556206634898,70.9782641028562,0.279933749039169,0.780342538463256,"LPI18.1",0.989440426716571
"Control - Migration","HCC1143","0",1.86744907754612,0.919795792251822,71.0000000000025,2.03028660630668,0.04607473608232,"LPS16.0",0.32252315257624
"Control - Migration","HCC38","0",-0.309753384502257,0.919795792251822,71.0000000000011,-0.336763211042666,0.737288811212502,"LPS16.0",0.956523789918559
"Control - Migration","HCC1143","12",0.240367442026275,0.919795792251822,71.0000000000001,0.261326964149089,0.794596942928153,"LPS16.0",0.999999999999906
"Control - Migration","HCC38","12",-0.215905805095338,0.919795792251823,71.0000000000001,-0.234732325277073,0.815092133730436,"LPS16.0",0.999999999999991
"Control - Migration","HCC1143","18",1.47164244019585,0.983861599264291,71.0000000000001,1.49578196902523,0.139142455922246,"LPS16.0",0.99999999999993
"Control - Migration","HCC38","18",-0.396112203377398,0.919795792251824,70.9999999999998,-0.430652332522249,0.668025728351265,"LPS16.0",0.999999999999992
"Control - Migration","HCC1143","22",0.14852522856333,0.919795792251823,70.9999999999998,0.161476307909296,0.872176892000084,"LPS16.0",0.999999999999908
"Control - Migration","HCC38","22",-0.17683475115429,0.919795792251824,71.0000000000001,-0.192254359765407,0.84809179432849,"LPS16.0",0.989440426716571
"Control - Migration","HCC1143","0",-0.214643567646096,0.201631154175129,69.4871781541097,-1.06453572873796,0.290771329660297,"LPS18.0",0.999999999998754
"Control - Migration","HCC38","0",-0.178910632535986,0.201631154175129,69.4871781541078,-0.887316413318701,0.37796950956602,"LPS18.0",0.944942193014634
"Control - Migration","HCC1143","12",0.103871804011681,0.201631154175129,69.4871781541082,0.515157513414132,0.608077956709416,"LPS18.0",0.999999999999906
"Control - Migration","HCC38","12",0.0315868777503825,0.201631154175129,69.4871781541085,0.156656732336846,0.875969660147827,"LPS18.0",0.999999999999991
"Control - Migration","HCC1143","18",0.164186188931834,0.215298953000433,70.0751082721587,0.762596318485133,0.448263637969733,"LPS18.0",0.99999999999993
"Control - Migration","HCC38","18",0.243765955416502,0.201631154175129,69.4871781541085,1.20896969723625,0.230772170365371,"LPS18.0",0.807702596278799
"Control - Migration","HCC1143","22",-0.0369605628007071,0.201631154175129,69.4871781541085,-0.183307797606537,0.855090340968274,"LPS18.0",0.999999999999908
"Control - Migration","HCC38","22",-0.0538866602190615,0.201631154175129,69.4871781541082,-0.267253641628503,0.790065489880004,"LPS18.0",0.989440426716571
"Control - Migration","HCC1143","0",0.0965701177483276,0.17800654306229,68.0210522312483,0.542508809434801,0.589241140840097,"LPS18.1",0.999999999998754
"Control - Migration","HCC38","0",0.0995099802547119,0.17800654306229,68.0210522312452,0.559024283842704,0.577981059492416,"LPS18.1",0.944942193014634
"Control - Migration","HCC1143","12",-0.0950231428037925,0.17800654306229,68.0210522312455,-0.533818258413912,0.595207522218862,"LPS18.1",0.999999999999906
"Control - Migration","HCC38","12",-0.321080769358658,0.17800654306229,68.0210522312452,-1.8037582430119,0.0756972644236364,"LPS18.1",0.863109900342244
"Control - Migration","HCC1143","18",-0.0499767260490567,0.189832301075526,69.1206815768191,-0.263267767212984,0.79312741731393,"LPS18.1",0.99999999999993
"Control - Migration","HCC38","18",0.321635255393185,0.17800654306229,68.0210522312452,1.80687321859082,0.075204828789383,"LPS18.1",0.41134898167199
"Control - Migration","HCC1143","22",0.00236243366521231,0.17800654306229,68.0210522312452,0.0132716113945633,0.98944994648732,"LPS18.1",0.999999999999908
"Control - Migration","HCC38","22",-0.0463479221665963,0.17800654306229,68.0210522312455,-0.260372014248812,0.795363407922404,"LPS18.1",0.989440426716571
"Control - Migration","HCC1143","0",-0.0611167465813014,0.0767482253236554,68.5363406124236,-0.796327815054559,0.428591320622902,"Sphingosine1P16.1",0.999999999998754
"Control - Migration","HCC38","0",0.0682912385232952,0.0767482253236556,68.5363406124261,0.889808698967352,0.376681379742907,"Sphingosine1P16.1",0.944942193014634
"Control - Migration","HCC1143","12",0.0595544022082727,0.0767482253236556,68.5363406124267,0.775971065873188,0.440435638448106,"Sphingosine1P16.1",0.999999999999906
"Control - Migration","HCC38","12",-0.0205276971269921,0.0767482253236556,68.5363406124267,-0.267468036432433,0.789912077679905,"Sphingosine1P16.1",0.999999999999991
"Control - Migration","HCC1143","18",0.100934752590514,0.0818822737430078,69.4614884475917,1.23268136040413,0.221850532122852,"Sphingosine1P16.1",0.99999999999993
"Control - Migration","HCC38","18",0.212808293808851,0.0767482253236557,68.5363406124264,2.77281061433558,0.00715159667995749,"Sphingosine1P16.1",0.270352759868435
"Control - Migration","HCC1143","22",0.101601174587721,0.0767482253236556,68.5363406124264,1.32382441625533,0.189959982468108,"Sphingosine1P16.1",0.999999999999908
"Control - Migration","HCC38","22",0.0245617674374808,0.0767482253236556,68.5363406124264,0.320030428506994,0.74991887420637,"Sphingosine1P16.1",0.989440426716571
"Control - Migration","HCC1143","0",0.207520485947072,0.500368111984699,70.5239205722834,0.41473563357974,0.679594352609196,"cLPA18.0",0.999999999998754
"Control - Migration","HCC38","0",0.0435544203207786,0.500368111984699,70.5239205722834,0.0870447562056282,0.930882615206158,"cLPA18.0",0.999999999999446
"Control - Migration","HCC1143","12",-0.0315167886129347,0.500368111984699,70.5239205722828,-0.0629872045361245,0.949954877091389,"cLPA18.0",0.999999999999906
"Control - Migration","HCC38","12",-0.263425726360627,0.500368111984698,70.5239205722828,-0.526463857410408,0.60021786342044,"cLPA18.0",0.999999999999991
"Control - Migration","HCC1143","18",0.0509912177059087,0.534836462035621,70.7178695413536,0.0953398306312792,0.924314552907368,"cLPA18.0",0.99999999999993
"Control - Migration","HCC38","18",0.695152227423122,0.500368111984698,70.5239205722828,1.38928163240822,0.169118198949001,"cLPA18.0",0.710296435585803
"Control - Migration","HCC1143","22",0.364179412754773,0.500368111984698,70.5239205722831,0.727822984782671,0.469131539530242,"cLPA18.0",0.999999999999908
"Control - Migration","HCC38","22",-1.3716040054556,0.500368111984698,70.5239205722831,-2.74118988121599,0.00775090523612046,"cLPA18.0",0.214487564696309
"Control - Migration","HCC1143","0",0.120609474707608,0.245396573657739,70.9999999999995,0.491488014318509,0.624597320989557,"cLPA18.1",0.999999999998754
"Control - Migration","HCC38","0",0.0706458689464508,0.245396573657739,70.9999999999998,0.287884496076879,0.7742738323047,"cLPA18.1",0.956523789918559
"Control - Migration","HCC1143","12",0.0244883132258977,0.24539657365774,71.0000000000005,0.0997907707548197,0.920791670295751,"cLPA18.1",0.999999999999906
"Control - Migration","HCC38","12",0.0378092157234875,0.24539657365774,70.9999999999998,0.154073934936928,0.877988553010461,"cLPA18.1",0.999999999999991
"Control - Migration","HCC1143","18",-0.0430966800116412,0.262488986628002,71.0000000000001,-0.164184717100979,0.870052240712417,"cLPA18.1",0.99999999999993
"Control - Migration","HCC38","18",-0.0621033956952123,0.24539657365774,71.0000000000001,-0.253073605590881,0.800942652577217,"cLPA18.1",0.999999999999992
"Control - Migration","HCC1143","22",0.225530940477404,0.24539657365774,71.0000000000001,0.91904681925982,0.361182903220847,"cLPA18.1",0.999999999999908
"Control - Migration","HCC38","22",0.151422046852957,0.24539657365774,71.0000000000001,0.617050371143928,0.539175314558932,"cLPA18.1",0.989440426716571
